"NodeAid","NodeAType","NodeBid","NodeBType","distance","isLOS","pathLoss","maxPathLoss","bitrate","maxbitrate","isAssignable","sarDL","sarUL","status","amc","rbused"
"0","CPE","42","EDGE","0.08410966721643498","true","46.213268599676105","97.48026179472768","1036.0","7508.0","true","10.240963448212337","3.265452360962453E-6","CONNECTED","19","1491"
"0","CPE","19","EDGE","21.86862264651033","true","94.51277891998512","97.48026179472768","1036.0","7508.0","true","1.5149202959684844E-4","7.449735651714081E-4","INIT","19","1491"
"0","CPE","45","EDGE","32.46502170824418","true","97.94466425833167","98.48026179472768","1036.0","6390.0","true","6.873868983687316E-5","0.0016418345716458073","INIT","18","1750"
"43","EDGE","49","EDGE","565.9420493504508","true","122.77178956827402","124.38026179472769","0.0","385.0","true","0.0","0.0","INIT","0","0"
"49","EDGE","43","EDGE","565.9420493504508","true","122.77178956827402","124.38026179472769","0.0","385.0","true","0.0","0.0","INIT","0","0"
"27","EDGE","50","EDGE","133.04919694605357","true","110.19659545809908","113.48026179472768","0.0","2503.0","true","0.0","0.0","INIT","9","0"
"50","EDGE","27","EDGE","133.04919694605357","true","110.19659545809908","113.48026179472768","0.0","2503.0","true","0.0","0.0","INIT","9","0"
"27","EDGE","38","EDGE","234.88539989486875","true","115.13347075736095","120.98026179472768","0.0","962.0","true","0.0","0.0","INIT","2","0"
"38","EDGE","27","EDGE","234.88539989486875","true","115.13347075736095","120.98026179472768","0.0","962.0","true","0.0","0.0","INIT","2","0"
"37","EDGE","38","EDGE","388.8586531931498","true","119.5121856595214","124.38026179472769","0.0","385.0","true","0.0","0.0","INIT","0","0"
"38","EDGE","37","EDGE","388.8586531931498","true","119.5121856595214","124.38026179472769","0.0","385.0","true","0.0","0.0","INIT","0","0"
"24","EDGE","50","EDGE","71.31682391947464","true","104.78019018051586","106.1802617947277","0.0","4620.0","true","0.0","0.0","INIT","13","0"
"50","EDGE","24","EDGE","71.31682391947464","true","104.78019018051586","106.1802617947277","0.0","4620.0","true","0.0","0.0","INIT","13","0"
"24","EDGE","33","EDGE","91.2414455352557","true","106.92019344964787","107.48026179472768","0.0","3850.0","true","0.0","0.0","INIT","12","0"
"33","EDGE","24","EDGE","91.2414455352557","true","106.92019344964787","107.48026179472768","0.0","3850.0","true","0.0","0.0","INIT","12","0"
"24","EDGE","32","EDGE","155.7196345916845","true","111.56321782502462","117.48026179472768","0.0","1348.0","true","0.0","0.0","INIT","5","0"
"32","EDGE","24","EDGE","155.7196345916845","true","111.56321782502462","117.48026179472768","0.0","1348.0","true","0.0","0.0","INIT","5","0"
"24","EDGE","27","EDGE","199.7257530035297","true","113.72503165030514","119.48026179472768","0.0","1155.0","true","0.0","0.0","INIT","3","0"
"27","EDGE","24","EDGE","199.7257530035297","true","113.72503165030514","119.48026179472768","0.0","1155.0","true","0.0","0.0","INIT","3","0"
"24","EDGE","25","EDGE","282.78881340211876","true","116.74559481790197","122.48026179472768","0.0","770.0","true","0.0","0.0","INIT","1","0"
"25","EDGE","24","EDGE","282.78881340211876","true","116.74559481790197","122.48026179472768","0.0","770.0","true","0.0","0.0","INIT","1","0"
"24","EDGE","37","EDGE","354.3293850735277","true","118.70449371673953","124.38026179472769","0.0","385.0","true","0.0","0.0","INIT","0","0"
"37","EDGE","24","EDGE","354.3293850735277","true","118.70449371673953","124.38026179472769","0.0","385.0","true","0.0","0.0","INIT","0","0"
"24","EDGE","49","EDGE","497.0479773058317","true","121.64431652245621","124.38026179472769","0.0","385.0","true","0.0","0.0","INIT","0","0"
"49","EDGE","24","EDGE","497.0479773058317","true","121.64431652245621","124.38026179472769","0.0","385.0","true","0.0","0.0","INIT","0","0"
"5","EDGE","37","EDGE","376.49748477368286","true","119.23159189023639","124.38026179472769","0.0","385.0","true","0.0","0.0","INIT","0","0"
"37","EDGE","5","EDGE","376.49748477368286","true","119.23159189023639","124.38026179472769","0.0","385.0","true","0.0","0.0","INIT","0","0"
"33","EDGE","50","EDGE","20.13811743360987","true","93.79672768774097","95.98026179472768","0.0","8085.0","true","0.0","0.0","INIT","20","0"
"50","EDGE","33","EDGE","20.13811743360987","true","93.79672768774097","95.98026179472768","0.0","8085.0","true","0.0","0.0","INIT","20","0"
"33","EDGE","38","EDGE","127.66750279890877","true","109.83795757782454","113.48026179472768","0.0","2503.0","true","0.0","0.0","INIT","9","0"
"38","EDGE","33","EDGE","127.66750279890877","true","109.83795757782454","113.48026179472768","0.0","2503.0","true","0.0","0.0","INIT","9","0"
"33","EDGE","49","EDGE","549.0013318790963","true","122.50781826722354","124.38026179472769","0.0","385.0","true","0.0","0.0","INIT","0","0"
"49","EDGE","33","EDGE","549.0013318790963","true","122.50781826722354","124.38026179472769","0.0","385.0","true","0.0","0.0","INIT","0","0"
"32","EDGE","33","EDGE","66.56003266582879","true","104.18062083464791","106.1802617947277","0.0","4620.0","true","0.0","0.0","INIT","13","0"
"33","EDGE","32","EDGE","66.56003266582879","true","104.18062083464791","106.1802617947277","0.0","4620.0","true","0.0","0.0","INIT","13","0"
"32","EDGE","50","EDGE","86.38759270380348","true","106.44537774670053","107.48026179472768","0.0","3850.0","true","0.0","0.0","INIT","12","0"
"50","EDGE","32","EDGE","86.38759270380348","true","106.44537774670053","107.48026179472768","0.0","3850.0","true","0.0","0.0","INIT","12","0"
"32","EDGE","38","EDGE","191.72871912149884","true","113.3700937240946","118.78026179472769","0.0","1252.0","true","0.0","0.0","INIT","4","0"
"38","EDGE","32","EDGE","191.72871912149884","true","113.3700937240946","118.78026179472769","0.0","1252.0","true","0.0","0.0","INIT","4","0"
"9","EDGE","44","EDGE","119.25821893733392","true","109.2461166878847","112.48026179472768","0.0","2695.0","true","0.0","0.0","INIT","10","0"
"44","EDGE","9","EDGE","119.25821893733392","true","109.2461166878847","112.48026179472768","0.0","2695.0","true","0.0","0.0","INIT","10","0"
"9","EDGE","35","EDGE","145.65529402029188","true","110.9828757905207","114.48026179472768","0.0","2310.0","true","0.0","0.0","INIT","8","0"
"35","EDGE","9","EDGE","145.65529402029188","true","110.9828757905207","114.48026179472768","0.0","2310.0","true","0.0","0.0","INIT","8","0"
"9","EDGE","17","EDGE","329.81360902826685","true","118.0817217437656","122.48026179472768","0.0","770.0","true","0.0","0.0","INIT","1","0"
"17","EDGE","9","EDGE","329.81360902826685","true","118.0817217437656","122.48026179472768","0.0","770.0","true","0.0","0.0","INIT","1","0"
"9","EDGE","13","EDGE","565.6619279295899","true","122.76748929389285","124.38026179472769","0.0","385.0","true","0.0","0.0","INIT","0","0"
"13","EDGE","9","EDGE","565.6619279295899","true","122.76748929389285","124.38026179472769","0.0","385.0","true","0.0","0.0","INIT","0","0"
"9","EDGE","42","EDGE","585.906022234565","true","123.07290954471699","124.38026179472769","0.0","385.0","true","0.0","0.0","INIT","0","0"
"42","EDGE","9","EDGE","585.906022234565","true","123.07290954471699","124.38026179472769","0.0","385.0","true","0.0","0.0","INIT","0","0"
"9","EDGE","24","EDGE","654.4586716077416","true","124.03399483625128","124.38026179472769","0.0","385.0","true","0.0","0.0","INIT","0","0"
"24","EDGE","9","EDGE","654.4586716077416","true","124.03399483625128","124.38026179472769","0.0","385.0","true","0.0","0.0","INIT","0","0"
"7","EDGE","50","EDGE","22.041144116474133","true","94.58103299053286","95.98026179472768","0.0","8085.0","true","0.0","0.0","INIT","20","0"
"50","EDGE","7","EDGE","22.041144116474133","true","94.58103299053286","95.98026179472768","0.0","8085.0","true","0.0","0.0","INIT","20","0"
"7","EDGE","32","EDGE","108.14463065359911","true","108.39644954075729","109.48026179472768","0.0","3080.0","true","0.0","0.0","INIT","11","0"
"32","EDGE","7","EDGE","108.14463065359911","true","108.39644954075729","109.48026179472768","0.0","3080.0","true","0.0","0.0","INIT","11","0"
"7","EDGE","27","EDGE","154.19117699991818","true","111.47754077791909","114.48026179472768","0.0","2310.0","true","0.0","0.0","INIT","8","0"
"27","EDGE","7","EDGE","154.19117699991818","true","111.47754077791909","114.48026179472768","0.0","2310.0","true","0.0","0.0","INIT","8","0"
"7","EDGE","25","EDGE","238.0953178735647","true","115.25136740861198","120.98026179472768","0.0","962.0","true","0.0","0.0","INIT","2","0"
"25","EDGE","7","EDGE","238.0953178735647","true","115.25136740861198","120.98026179472768","0.0","962.0","true","0.0","0.0","INIT","2","0"
"7","EDGE","31","EDGE","655.1280075368968","true","124.04287363535677","124.38026179472769","0.0","385.0","true","0.0","0.0","INIT","0","0"
"31","EDGE","7","EDGE","655.1280075368968","true","124.04287363535677","124.38026179472769","0.0","385.0","true","0.0","0.0","INIT","0","0"
"10","EDGE","49","EDGE","634.112960982318","true","123.75968290741038","124.38026179472769","0.0","385.0","true","0.0","0.0","INIT","0","0"
"49","EDGE","10","EDGE","634.112960982318","true","123.75968290741038","124.38026179472769","0.0","385.0","true","0.0","0.0","INIT","0","0"
"20","EDGE","41","EDGE","74.74459687560721","true","105.1879463847444","106.1802617947277","0.0","4620.0","true","0.0","0.0","INIT","13","0"
"41","EDGE","20","EDGE","74.74459687560721","true","105.1879463847444","106.1802617947277","0.0","4620.0","true","0.0","0.0","INIT","13","0"
"4","EDGE","24","EDGE","71.3249483435972","true","104.78117962211151","106.1802617947277","0.0","4620.0","true","0.0","0.0","INIT","13","0"
"24","EDGE","4","EDGE","71.3249483435972","true","104.78117962211151","106.1802617947277","0.0","4620.0","true","0.0","0.0","INIT","13","0"
"4","EDGE","50","EDGE","142.36932129899878","true","110.7846785998019","114.48026179472768","0.0","2310.0","true","0.0","0.0","INIT","8","0"
"50","EDGE","4","EDGE","142.36932129899878","true","110.7846785998019","114.48026179472768","0.0","2310.0","true","0.0","0.0","INIT","8","0"
"4","EDGE","33","EDGE","162.0549750102552","true","111.90959767031529","117.48026179472768","0.0","1348.0","true","0.0","0.0","INIT","5","0"
"33","EDGE","4","EDGE","162.0549750102552","true","111.90959767031529","117.48026179472768","0.0","1348.0","true","0.0","0.0","INIT","5","0"
"4","EDGE","32","EDGE","224.86995895536143","true","114.7549791186594","119.48026179472768","0.0","1155.0","true","0.0","0.0","INIT","3","0"
"32","EDGE","4","EDGE","224.86995895536143","true","114.7549791186594","119.48026179472768","0.0","1155.0","true","0.0","0.0","INIT","3","0"
"4","EDGE","27","EDGE","266.51919356287203","true","116.230920116286","120.98026179472768","0.0","962.0","true","0.0","0.0","INIT","2","0"
"27","EDGE","4","EDGE","266.51919356287203","true","116.230920116286","120.98026179472768","0.0","962.0","true","0.0","0.0","INIT","2","0"
"4","EDGE","28","EDGE","320.04975831049285","true","117.82070037758075","122.48026179472768","0.0","770.0","true","0.0","0.0","INIT","1","0"
"28","EDGE","4","EDGE","320.04975831049285","true","117.82070037758075","122.48026179472768","0.0","770.0","true","0.0","0.0","INIT","1","0"
"4","EDGE","25","EDGE","347.8780742623211","true","118.5448914521787","124.38026179472769","0.0","385.0","true","0.0","0.0","INIT","0","0"
"25","EDGE","4","EDGE","347.8780742623211","true","118.5448914521787","124.38026179472769","0.0","385.0","true","0.0","0.0","INIT","0","0"
"4","EDGE","37","EDGE","419.1945315439189","true","120.16466247770649","124.38026179472769","0.0","385.0","true","0.0","0.0","INIT","0","0"
"37","EDGE","4","EDGE","419.1945315439189","true","120.16466247770649","124.38026179472769","0.0","385.0","true","0.0","0.0","INIT","0","0"
"38","EDGE","50","EDGE","107.75616507430487","true","108.36519284455338","109.48026179472768","0.0","3080.0","true","0.0","0.0","INIT","11","0"
"50","EDGE","38","EDGE","107.75616507430487","true","108.36519284455338","109.48026179472768","0.0","3080.0","true","0.0","0.0","INIT","11","0"
"35","EDGE","36","EDGE","262.3398788872064","true","116.0936365803941","120.98026179472768","0.0","962.0","true","0.0","0.0","INIT","2","0"
"36","EDGE","35","EDGE","262.3398788872064","true","116.0936365803941","120.98026179472768","0.0","962.0","true","0.0","0.0","INIT","2","0"
"36","EDGE","48","EDGE","504.4753568130224","true","121.77314942978705","124.38026179472769","0.0","385.0","true","0.0","0.0","INIT","0","0"
"48","EDGE","36","EDGE","504.4753568130224","true","121.77314942978705","124.38026179472769","0.0","385.0","true","0.0","0.0","INIT","0","0"
"13","EDGE","40","EDGE","332.9353104365445","true","118.16354746583578","122.48026179472768","0.0","770.0","true","0.0","0.0","INIT","1","0"
"40","EDGE","13","EDGE","332.9353104365445","true","118.16354746583578","122.48026179472768","0.0","770.0","true","0.0","0.0","INIT","1","0"
"13","EDGE","28","EDGE","417.83486701561554","true","120.1364438597096","124.38026179472769","0.0","385.0","true","0.0","0.0","INIT","0","0"
"28","EDGE","13","EDGE","417.83486701561554","true","120.1364438597096","124.38026179472769","0.0","385.0","true","0.0","0.0","INIT","0","0"
"13","EDGE","25","EDGE","445.205179864429","true","120.6875544784568","124.38026179472769","0.0","385.0","true","0.0","0.0","INIT","0","0"
"25","EDGE","13","EDGE","445.205179864429","true","120.6875544784568","124.38026179472769","0.0","385.0","true","0.0","0.0","INIT","0","0"
"13","EDGE","44","EDGE","512.1977493515808","true","121.90510362225788","124.38026179472769","0.0","385.0","true","0.0","0.0","INIT","0","0"
"44","EDGE","13","EDGE","512.1977493515808","true","121.90510362225788","124.38026179472769","0.0","385.0","true","0.0","0.0","INIT","0","0"
"13","EDGE","37","EDGE","516.2694660956994","true","121.97387910974665","124.38026179472769","0.0","385.0","true","0.0","0.0","INIT","0","0"
"37","EDGE","13","EDGE","516.2694660956994","true","121.97387910974665","124.38026179472769","0.0","385.0","true","0.0","0.0","INIT","0","0"
"13","EDGE","31","EDGE","540.2688592503204","true","122.36854902231616","124.38026179472769","0.0","385.0","true","0.0","0.0","INIT","0","0"
"31","EDGE","13","EDGE","540.2688592503204","true","122.36854902231616","124.38026179472769","0.0","385.0","true","0.0","0.0","INIT","0","0"
"0","PoP","45","EDGE","15.69862162673699","true","91.6335807477825","95.98026179472768","0.0","8085.0","true","0.0","0.0","INIT","20","0"
"45","EDGE","0","PoP","15.69862162673699","true","91.6335807477825","95.98026179472768","0.0","8085.0","true","0.0","0.0","INIT","20","0"
"0","PoP","4","EDGE","22.110594846350352","true","94.60835883937594","95.98026179472768","0.0","8085.0","true","0.0","0.0","INIT","20","0"
"4","EDGE","0","PoP","22.110594846350352","true","94.60835883937594","95.98026179472768","0.0","8085.0","true","0.0","0.0","INIT","20","0"
"0","PoP","38","EDGE","57.43031819891974","true","102.89917475707058","103.48026179472768","0.0","5390.0","true","0.0","0.0","INIT","15","0"
"38","EDGE","0","PoP","57.43031819891974","true","102.89917475707058","103.48026179472768","0.0","5390.0","true","0.0","0.0","INIT","15","0"
"0","PoP","5","EDGE","71.46024570249514","true","104.7976404083615","106.1802617947277","0.0","4620.0","true","0.0","0.0","INIT","13","0"
"5","EDGE","0","PoP","71.46024570249514","true","104.7976404083615","106.1802617947277","0.0","4620.0","true","0.0","0.0","INIT","13","0"
"0","PoP","24","EDGE","92.73833030181873","true","107.06153575455293","107.48026179472768","0.0","3850.0","true","0.0","0.0","INIT","12","0"
"24","EDGE","0","PoP","92.73833030181873","true","107.06153575455293","107.48026179472768","0.0","3850.0","true","0.0","0.0","INIT","12","0"
"0","PoP","7","EDGE","142.04957112991715","true","110.76514884334486","114.48026179472768","0.0","2310.0","true","0.0","0.0","INIT","8","0"
"7","EDGE","0","PoP","142.04957112991715","true","110.76514884334486","114.48026179472768","0.0","2310.0","true","0.0","0.0","INIT","8","0"
"0","PoP","50","EDGE","163.31747182860633","true","111.97700327378628","117.48026179472768","0.0","1348.0","true","0.0","0.0","INIT","5","0"
"50","EDGE","0","PoP","163.31747182860633","true","111.97700327378628","117.48026179472768","0.0","1348.0","true","0.0","0.0","INIT","5","0"
"0","PoP","33","EDGE","182.7894550330674","true","112.95537306708184","118.78026179472769","0.0","1252.0","true","0.0","0.0","INIT","4","0"
"33","EDGE","0","PoP","182.7894550330674","true","112.95537306708184","118.78026179472769","0.0","1252.0","true","0.0","0.0","INIT","4","0"
"0","PoP","32","EDGE","244.57134707656942","true","115.48446181846705","120.98026179472768","0.0","962.0","true","0.0","0.0","INIT","2","0"
"32","EDGE","0","PoP","244.57134707656942","true","115.48446181846705","120.98026179472768","0.0","962.0","true","0.0","0.0","INIT","2","0"
"0","PoP","27","EDGE","285.0887756732227","true","116.81595268401563","122.48026179472768","0.0","770.0","true","0.0","0.0","INIT","1","0"
"27","EDGE","0","PoP","285.0887756732227","true","116.81595268401563","122.48026179472768","0.0","770.0","true","0.0","0.0","INIT","1","0"
"0","PoP","28","EDGE","338.21121503375866","true","118.30011039902125","122.48026179472768","0.0","770.0","true","0.0","0.0","INIT","1","0"
"28","EDGE","0","PoP","338.21121503375866","true","118.30011039902125","122.48026179472768","0.0","770.0","true","0.0","0.0","INIT","1","0"
"0","PoP","25","EDGE","365.5313974287188","true","118.97484404120861","124.38026179472769","0.0","385.0","true","0.0","0.0","INIT","0","0"
"25","EDGE","0","PoP","365.5313974287188","true","118.97484404120861","124.38026179472769","0.0","385.0","true","0.0","0.0","INIT","0","0"
"0","PoP","40","EDGE","412.04573875053666","true","120.01525884940617","124.38026179472769","0.0","385.0","true","0.0","0.0","INIT","0","0"
"40","EDGE","0","PoP","412.04573875053666","true","120.01525884940617","124.38026179472769","0.0","385.0","true","0.0","0.0","INIT","0","0"
"0","PoP","37","EDGE","436.609936531553","true","120.5182226126217","124.38026179472769","0.0","385.0","true","0.0","0.0","INIT","0","0"
"37","EDGE","0","PoP","436.609936531553","true","120.5182226126217","124.38026179472769","0.0","385.0","true","0.0","0.0","INIT","0","0"
"0","PoP","49","EDGE","477.51050701384713","true","121.29600894869553","124.38026179472769","0.0","385.0","true","0.0","0.0","INIT","0","0"
"49","EDGE","0","PoP","477.51050701384713","true","121.29600894869553","124.38026179472769","0.0","385.0","true","0.0","0.0","INIT","0","0"
"0","PoP","44","EDGE","551.6726984000949","true","122.54998014204799","124.38026179472769","0.0","385.0","true","0.0","0.0","INIT","0","0"
"44","EDGE","0","PoP","551.6726984000949","true","122.54998014204799","124.38026179472769","0.0","385.0","true","0.0","0.0","INIT","0","0"
"0","PoP","9","EDGE","617.1695858587361","true","123.52444062358703","124.38026179472769","0.0","385.0","true","0.0","0.0","INIT","0","0"
"9","EDGE","0","PoP","617.1695858587361","true","123.52444062358703","124.38026179472769","0.0","385.0","true","0.0","0.0","INIT","0","0"
"42","EDGE","49","EDGE","440.459004073332","true","120.59446015556249","124.38026179472769","0.0","385.0","true","0.0","0.0","INIT","0","0"
"49","EDGE","42","EDGE","440.459004073332","true","120.59446015556249","124.38026179472769","0.0","385.0","true","0.0","0.0","INIT","0","0"
"42","EDGE","44","EDGE","515.8574698710842","true","121.96694478063718","124.38026179472769","0.0","385.0","true","0.0","0.0","INIT","0","0"
"44","EDGE","42","EDGE","515.8574698710842","true","121.96694478063718","124.38026179472769","0.0","385.0","true","0.0","0.0","INIT","0","0"
"15","EDGE","41","EDGE","14.941487884684326","true","91.20422724632613","95.98026179472768","0.0","8085.0","true","0.0","0.0","INIT","20","0"
"41","EDGE","15","EDGE","14.941487884684326","true","91.20422724632613","95.98026179472768","0.0","8085.0","true","0.0","0.0","INIT","20","0"
"15","EDGE","46","EDGE","57.881820996404294","true","102.96719402267449","103.48026179472768","0.0","5390.0","true","0.0","0.0","INIT","15","0"
"46","EDGE","15","EDGE","57.881820996404294","true","102.96719402267449","103.48026179472768","0.0","5390.0","true","0.0","0.0","INIT","15","0"
"15","EDGE","20","EDGE","88.10532064303118","true","106.616393027478","107.48026179472768","0.0","3850.0","true","0.0","0.0","INIT","12","0"
"20","EDGE","15","EDGE","88.10532064303118","true","106.616393027478","107.48026179472768","0.0","3850.0","true","0.0","0.0","INIT","12","0"
"15","EDGE","17","EDGE","342.36573360097043","true","118.4061561241557","124.38026179472769","0.0","385.0","true","0.0","0.0","INIT","0","0"
"17","EDGE","15","EDGE","342.36573360097043","true","118.4061561241557","124.38026179472769","0.0","385.0","true","0.0","0.0","INIT","0","0"
"34","EDGE","36","EDGE","340.94415681317537","true","118.37001534212288","122.48026179472768","0.0","770.0","true","0.0","0.0","INIT","1","0"
"36","EDGE","34","EDGE","340.94415681317537","true","118.37001534212288","122.48026179472768","0.0","770.0","true","0.0","0.0","INIT","1","0"
"17","EDGE","34","EDGE","163.4483545473951","true","111.98396136315769","117.48026179472768","0.0","1348.0","true","0.0","0.0","INIT","5","0"
"34","EDGE","17","EDGE","163.4483545473951","true","111.98396136315769","117.48026179472768","0.0","1348.0","true","0.0","0.0","INIT","5","0"
"17","EDGE","23","EDGE","169.24728429960112","true","112.28678448280613","117.48026179472768","0.0","1348.0","true","0.0","0.0","INIT","5","0"
"23","EDGE","17","EDGE","169.24728429960112","true","112.28678448280613","117.48026179472768","0.0","1348.0","true","0.0","0.0","INIT","5","0"
"17","EDGE","48","EDGE","200.9328120581046","true","113.77736755108876","119.48026179472768","0.0","1155.0","true","0.0","0.0","INIT","3","0"
"48","EDGE","17","EDGE","200.9328120581046","true","113.77736755108876","119.48026179472768","0.0","1155.0","true","0.0","0.0","INIT","3","0"
"17","EDGE","35","EDGE","215.79504185334648","true","114.39717954682766","119.48026179472768","0.0","1155.0","true","0.0","0.0","INIT","3","0"
"35","EDGE","17","EDGE","215.79504185334648","true","114.39717954682766","119.48026179472768","0.0","1155.0","true","0.0","0.0","INIT","3","0"
"17","EDGE","41","EDGE","327.7906426941991","true","118.0282813418777","122.48026179472768","0.0","770.0","true","0.0","0.0","INIT","1","0"
"41","EDGE","17","EDGE","327.7906426941991","true","118.0282813418777","122.48026179472768","0.0","770.0","true","0.0","0.0","INIT","1","0"
"17","EDGE","36","EDGE","397.1492594329556","true","119.69542544728158","124.38026179472769","0.0","385.0","true","0.0","0.0","INIT","0","0"
"36","EDGE","17","EDGE","397.1492594329556","true","119.69542544728158","124.38026179472769","0.0","385.0","true","0.0","0.0","INIT","0","0"
"29","EDGE","36","EDGE","19.957442306778162","true","93.7184479558189","95.98026179472768","0.0","8085.0","true","0.0","0.0","INIT","20","0"
"36","EDGE","29","EDGE","19.957442306778162","true","93.7184479558189","95.98026179472768","0.0","8085.0","true","0.0","0.0","INIT","20","0"
"29","EDGE","35","EDGE","275.86007514633087","true","116.53012730974264","122.48026179472768","0.0","770.0","true","0.0","0.0","INIT","1","0"
"35","EDGE","29","EDGE","275.86007514633087","true","116.53012730974264","122.48026179472768","0.0","770.0","true","0.0","0.0","INIT","1","0"
"29","EDGE","34","EDGE","352.7357858696543","true","118.66534074804991","124.38026179472769","0.0","385.0","true","0.0","0.0","INIT","0","0"
"34","EDGE","29","EDGE","352.7357858696543","true","118.66534074804991","124.38026179472769","0.0","385.0","true","0.0","0.0","INIT","0","0"
"29","EDGE","40","EDGE","490.08237533082445","true","121.52173199431257","124.38026179472769","0.0","385.0","true","0.0","0.0","INIT","0","0"
"40","EDGE","29","EDGE","490.08237533082445","true","121.52173199431257","124.38026179472769","0.0","385.0","true","0.0","0.0","INIT","0","0"
"29","EDGE","48","EDGE","515.5242024291591","true","121.9613314865502","124.38026179472769","0.0","385.0","true","0.0","0.0","INIT","0","0"
"48","EDGE","29","EDGE","515.5242024291591","true","121.9613314865502","124.38026179472769","0.0","385.0","true","0.0","0.0","INIT","0","0"
"6","EDGE","22","EDGE","105.34792505948941","true","108.16887002884187","109.48026179472768","0.0","3080.0","true","0.0","0.0","INIT","11","0"
"22","EDGE","6","EDGE","105.34792505948941","true","108.16887002884187","109.48026179472768","0.0","3080.0","true","0.0","0.0","INIT","11","0"
"6","EDGE","31","EDGE","631.0473027050709","true","123.71758860150321","124.38026179472769","0.0","385.0","true","0.0","0.0","INIT","0","0"
"31","EDGE","6","EDGE","631.0473027050709","true","123.71758860150321","124.38026179472769","0.0","385.0","true","0.0","0.0","INIT","0","0"
"19","EDGE","42","EDGE","21.788572144279215","true","94.48092572325871","95.98026179472768","0.0","8085.0","true","0.0","0.0","INIT","20","0"
"42","EDGE","19","EDGE","21.788572144279215","true","94.48092572325871","95.98026179472768","0.0","8085.0","true","0.0","0.0","INIT","20","0"
"30","EDGE","40","EDGE","386.56385447066583","true","119.46077516669047","124.38026179472769","0.0","385.0","true","0.0","0.0","INIT","0","0"
"40","EDGE","30","EDGE","386.56385447066583","true","119.46077516669047","124.38026179472769","0.0","385.0","true","0.0","0.0","INIT","0","0"
"31","EDGE","35","EDGE","172.13181825734858","true","112.43357343225564","117.48026179472768","0.0","1348.0","true","0.0","0.0","INIT","5","0"
"35","EDGE","31","EDGE","172.13181825734858","true","112.43357343225564","117.48026179472768","0.0","1348.0","true","0.0","0.0","INIT","5","0"
"31","EDGE","46","EDGE","437.13191614553614","true","120.5286006386848","124.38026179472769","0.0","385.0","true","0.0","0.0","INIT","0","0"
"46","EDGE","31","EDGE","437.13191614553614","true","120.5286006386848","124.38026179472769","0.0","385.0","true","0.0","0.0","INIT","0","0"
"14","EDGE","41","EDGE","628.302456159239","true","123.67972545545331","124.38026179472769","0.0","385.0","true","0.0","0.0","INIT","0","0"
"41","EDGE","14","EDGE","628.302456159239","true","123.67972545545331","124.38026179472769","0.0","385.0","true","0.0","0.0","INIT","0","0"
"14","EDGE","46","EDGE","650.2556750663784","true","123.97803332945455","124.38026179472769","0.0","385.0","true","0.0","0.0","INIT","0","0"
"46","EDGE","14","EDGE","650.2556750663784","true","123.97803332945455","124.38026179472769","0.0","385.0","true","0.0","0.0","INIT","0","0"
"14","EDGE","44","EDGE","665.0913767475032","true","124.17397664657545","124.38026179472769","0.0","385.0","true","0.0","0.0","INIT","0","0"
"44","EDGE","14","EDGE","665.0913767475032","true","124.17397664657545","124.38026179472769","0.0","385.0","true","0.0","0.0","INIT","0","0"
"14","EDGE","20","EDGE","675.851046152475","true","124.31337011372469","124.38026179472769","0.0","385.0","true","0.0","0.0","INIT","0","0"
"20","EDGE","14","EDGE","675.851046152475","true","124.31337011372469","124.38026179472769","0.0","385.0","true","0.0","0.0","INIT","0","0"
"25","EDGE","37","EDGE","71.54156573591683","true","104.80751912115119","106.1802617947277","0.0","4620.0","true","0.0","0.0","INIT","13","0"
"37","EDGE","25","EDGE","71.54156573591683","true","104.80751912115119","106.1802617947277","0.0","4620.0","true","0.0","0.0","INIT","13","0"
"25","EDGE","27","EDGE","84.03575308300697","true","106.20563223294236","107.48026179472768","0.0","3850.0","true","0.0","0.0","INIT","12","0"
"27","EDGE","25","EDGE","84.03575308300697","true","106.20563223294236","107.48026179472768","0.0","3850.0","true","0.0","0.0","INIT","12","0"
"25","EDGE","50","EDGE","217.06745888893522","true","114.4482447500237","119.48026179472768","0.0","1155.0","true","0.0","0.0","INIT","3","0"
"50","EDGE","25","EDGE","217.06745888893522","true","114.4482447500237","119.48026179472768","0.0","1155.0","true","0.0","0.0","INIT","3","0"
"25","EDGE","38","EDGE","317.3482392651245","true","117.74707216763892","122.48026179472768","0.0","770.0","true","0.0","0.0","INIT","1","0"
"38","EDGE","25","EDGE","317.3482392651245","true","117.74707216763892","122.48026179472768","0.0","770.0","true","0.0","0.0","INIT","1","0"
"16","EDGE","48","EDGE","14.429703924810331","true","90.90149870888564","95.98026179472768","0.0","8085.0","true","0.0","0.0","INIT","20","0"
"48","EDGE","16","EDGE","14.429703924810331","true","90.90149870888564","95.98026179472768","0.0","8085.0","true","0.0","0.0","INIT","20","0"
"16","EDGE","20","EDGE","57.06983157588917","true","102.8444821234751","103.48026179472768","0.0","5390.0","true","0.0","0.0","INIT","15","0"
"20","EDGE","16","EDGE","57.06983157588917","true","102.8444821234751","103.48026179472768","0.0","5390.0","true","0.0","0.0","INIT","15","0"
"11","EDGE","39","EDGE","19.779249968689104","true","93.64054668778616","95.98026179472768","0.0","8085.0","true","0.0","0.0","INIT","20","0"
"39","EDGE","11","EDGE","19.779249968689104","true","93.64054668778616","95.98026179472768","0.0","8085.0","true","0.0","0.0","INIT","20","0"
"2","EDGE","23","EDGE","243.99232125773685","true","115.46387348150837","120.98026179472768","0.0","962.0","true","0.0","0.0","INIT","2","0"
"23","EDGE","2","EDGE","243.99232125773685","true","115.46387348150837","120.98026179472768","0.0","962.0","true","0.0","0.0","INIT","2","0"
"2","EDGE","36","EDGE","598.7298598548944","true","123.26096866259249","124.38026179472769","0.0","385.0","true","0.0","0.0","INIT","0","0"
"36","EDGE","2","EDGE","598.7298598548944","true","123.26096866259249","124.38026179472769","0.0","385.0","true","0.0","0.0","INIT","0","0"
"2","EDGE","29","EDGE","608.3005238788644","true","123.39871411589748","124.38026179472769","0.0","385.0","true","0.0","0.0","INIT","0","0"
"29","EDGE","2","EDGE","608.3005238788644","true","123.39871411589748","124.38026179472769","0.0","385.0","true","0.0","0.0","INIT","0","0"
"1","EDGE","17","EDGE","174.6134752937132","true","112.55790542805454","117.48026179472768","0.0","1348.0","true","0.0","0.0","INIT","5","0"
"17","EDGE","1","EDGE","174.6134752937132","true","112.55790542805454","117.48026179472768","0.0","1348.0","true","0.0","0.0","INIT","5","0"
"8","EDGE","23","EDGE","284.2269358934059","true","116.7896549698321","122.48026179472768","0.0","770.0","true","0.0","0.0","INIT","1","0"
"23","EDGE","8","EDGE","284.2269358934059","true","116.7896549698321","122.48026179472768","0.0","770.0","true","0.0","0.0","INIT","1","0"
"8","EDGE","34","EDGE","298.70737918891854","true","117.22126933487574","122.48026179472768","0.0","770.0","true","0.0","0.0","INIT","1","0"
"34","EDGE","8","EDGE","298.70737918891854","true","117.22126933487574","122.48026179472768","0.0","770.0","true","0.0","0.0","INIT","1","0"
"8","EDGE","35","EDGE","381.6100020065624","true","119.34874528718186","124.38026179472769","0.0","385.0","true","0.0","0.0","INIT","0","0"
"35","EDGE","8","EDGE","381.6100020065624","true","119.34874528718186","124.38026179472769","0.0","385.0","true","0.0","0.0","INIT","0","0"
"8","EDGE","9","EDGE","522.0419240784257","true","122.07045793960764","124.38026179472769","0.0","385.0","true","0.0","0.0","INIT","0","0"
"9","EDGE","8","EDGE","522.0419240784257","true","122.07045793960764","124.38026179472769","0.0","385.0","true","0.0","0.0","INIT","0","0"
"8","EDGE","36","EDGE","612.1711544076397","true","123.45380754070489","124.38026179472769","0.0","385.0","true","0.0","0.0","INIT","0","0"
"36","EDGE","8","EDGE","612.1711544076397","true","123.45380754070489","124.38026179472769","0.0","385.0","true","0.0","0.0","INIT","0","0"
